first_name,last_name,party,expanded_last_name
Petteri,Orpo,Kansallisen kokoomuksen eduskuntaryhmä,Orpo
Petteri,Orpo,Kansallisen kokoomuksen eduskuntaryhmä,Orpoa
Petteri,Orpo,Kansallisen kokoomuksen eduskuntaryhmä,Orpoahan
Petteri,Orpo,Kansallisen kokoomuksen eduskuntaryhmä,Orpoakaan
Petteri,Orpo,Kansallisen kokoomuksen eduskuntaryhmä,Orpoakin
Petteri,Orpo,Kansallisen kokoomuksen eduskuntaryhmä,Orpoako
Petteri,Orpo,Kansallisen kokoomuksen eduskuntaryhmä,Orpohan
Petteri,Orpo,Kansallisen kokoomuksen eduskuntaryhmä,Orpohon
Petteri,Orpo,Kansallisen kokoomuksen eduskuntaryhmä,Orpohonhan
Petteri,Orpo,Kansallisen kokoomuksen eduskuntaryhmä,Orpohonkaan
Petteri,Orpo,Kansallisen kokoomuksen eduskuntaryhmä,Orpohonkin
Petteri,Orpo,Kansallisen kokoomuksen eduskuntaryhmä,Orpohonko
Petteri,Orpo,Kansallisen kokoomuksen eduskuntaryhmä,Orpokaan
Petteri,Orpo,Kansallisen kokoomuksen eduskuntaryhmä,Orpokin
Petteri,Orpo,Kansallisen kokoomuksen eduskuntaryhmä,Orpoko
Petteri,Orpo,Kansallisen kokoomuksen eduskuntaryhmä,Orpolla
Petteri,Orpo,Kansallisen kokoomuksen eduskuntaryhmä,Orpollahan
Petteri,Orpo,Kansallisen kokoomuksen eduskuntaryhmä,Orpollakaan
Petteri,Orpo,Kansallisen kokoomuksen eduskuntaryhmä,Orpollakin
Petteri,Orpo,Kansallisen kokoomuksen eduskuntaryhmä,Orpollako
Petteri,Orpo,Kansallisen kokoomuksen eduskuntaryhmä,Orpolta
Petteri,Orpo,Kansallisen kokoomuksen eduskuntaryhmä,Orpoltahan
Petteri,Orpo,Kansallisen kokoomuksen eduskuntaryhmä,Orpoltakaan
Petteri,Orpo,Kansallisen kokoomuksen eduskuntaryhmä,Orpoltakin
Petteri,Orpo,Kansallisen kokoomuksen eduskuntaryhmä,Orpoltako
Petteri,Orpo,Kansallisen kokoomuksen eduskuntaryhmä,Orpon
Petteri,Orpo,Kansallisen kokoomuksen eduskuntaryhmä,Orponhan
Petteri,Orpo,Kansallisen kokoomuksen eduskuntaryhmä,Orponkaan
Petteri,Orpo,Kansallisen kokoomuksen eduskuntaryhmä,Orponkin
Petteri,Orpo,Kansallisen kokoomuksen eduskuntaryhmä,Orponko
Petteri,Orpo,Kansallisen kokoomuksen eduskuntaryhmä,Orpoon
Petteri,Orpo,Kansallisen kokoomuksen eduskuntaryhmä,Orpoonhan
Petteri,Orpo,Kansallisen kokoomuksen eduskuntaryhmä,Orpoonkaan
Petteri,Orpo,Kansallisen kokoomuksen eduskuntaryhmä,Orpoonkin
Petteri,Orpo,Kansallisen kokoomuksen eduskuntaryhmä,Orpoonko
Petteri,Orpo,Kansallisen kokoomuksen eduskuntaryhmä,Orpossa
Petteri,Orpo,Kansallisen kokoomuksen eduskuntaryhmä,Orpossahan
Petteri,Orpo,Kansallisen kokoomuksen eduskuntaryhmä,Orpossakaan
Petteri,Orpo,Kansallisen kokoomuksen eduskuntaryhmä,Orpossakin
Petteri,Orpo,Kansallisen kokoomuksen eduskuntaryhmä,Orpossako
Petteri,Orpo,Kansallisen kokoomuksen eduskuntaryhmä,Orposta
Petteri,Orpo,Kansallisen kokoomuksen eduskuntaryhmä,Orpostahan
Petteri,Orpo,Kansallisen kokoomuksen eduskuntaryhmä,Orpostakaan
Petteri,Orpo,Kansallisen kokoomuksen eduskuntaryhmä,Orpostakin
Petteri,Orpo,Kansallisen kokoomuksen eduskuntaryhmä,Orpostako